<?xml version="1.0" encoding="utf-8"?>
<person>
	<personID>109691</personID>
	<FullName>David Brown</FullName>
	<FirstName>David</FirstName>
	<LastName>Brown</LastName>
	<publication>
		<title>An Ontology for Scientific Information in a Grid Environment: the Earth System Grid</title>
		<year>2003</year>
		<authors>Line Pouchard,Luca Cinquini,Bob Drach,Don Middleton,David E. Bernholdt,Kasidit Chanchio,Ian T. Foster,Veronika Nefedova,David Brown,Peter Fox,Jose Garcia,Gary Strand,Dean Williams,Ann L. Chervenak,Carl Kesselman,Arie Shoshani,Alex Sim</authors>
		<jconf>CCGRID</jconf>
		<id>83046</id>
		<label>0</label>
		<organization>Oak Ridge Nat. Lab., TN, USA</organization>
	</publication>
	<publication>
		<title>Experience in Teaching a Management-Oriented Capstone Software Engineering Course</title>
		<year>1995</year>
		<authors>Allen S. Parrish,David Brown,David Cordes</authors>
		<jconf>CSEE</jconf>
		<id>123510</id>
		<label>1</label>
		<organization>null</organization>
	</publication>
	<publication>
		<title>What is observable in a class of neurodynamics?</title>
		<year>1998</year>
		<authors>Jianfeng Feng,David Brown</authors>
		<jconf>ESANN</jconf>
		<id>186878</id>
		<label>2</label>
		<organization>null</organization>
	</publication>
	<publication>
		<title>Output jitter diverges to infinity, converges to zero or remains constant</title>
		<year>1998</year>
		<authors>Jianfeng Feng,Brunello Tirozzi,David Brown</authors>
		<jconf>ESANN</jconf>
		<id>186880</id>
		<label>2</label>
		<organization>null</organization>
	</publication>
	<publication>
		<title>An Effective Human Motion Classification Approach using Knowledge Representation in Qualitative Normalised Templates</title>
		<year>2007</year>
		<authors>Chee Seng Chan,Honghai Liu,David Brown</authors>
		<jconf>FUZZ-IEEE</jconf>
		<id>221934</id>
		<label>3</label>
		<organization>null</organization>
	</publication>
	<publication>
		<title>Cognitive Scales and Mental Models for Inclusive Design</title>
		<year>2007</year>
		<authors>Umesh Persad,Patrick Langdon,David Brown,P. John Clarkson</authors>
		<jconf>HCI (5)</jconf>
		<id>241912</id>
		<label>4</label>
		<organization>null</organization>
	</publication>
	<publication>
		<title>Wiring the academy (panel session): what's working, what's not, what's next, and why</title>
		<year>1997</year>
		<authors>Bradley C. Wheeler,Lynda M. Applegate,David Brown,Peggy Phillips</authors>
		<jconf>ICIS</jconf>
		<id>327105</id>
		<label>5</label>
		<organization>Wake Forest University</organization>
	</publication>
	<publication>
		<title>Predictive unsupervised organisation in marine engine fault detection</title>
		<year>2008</year>
		<authors>Ian Morgan,Honghai Liu,George Turnbull,David Brown</authors>
		<jconf>IJCNN</jconf>
		<id>394124</id>
		<label>3</label>
		<organization>null</organization>
	</publication>
	<publication>
		<title>Parallel Imaging: System Design and Limitations</title>
		<year>2004</year>
		<authors>Steven M. Wright,Mary McDougall,Krishna Kurpad,David Brown</authors>
		<jconf>ISBI</jconf>
		<id>416966</id>
		<label>6</label>
		<organization>null</organization>
	</publication>
	<publication>
		<title>A Host Architecture for Automobile License Plate Recognition</title>
		<year>2007</year>
		<authors>Maury Mitchell,Matthew Hudnall,David Brown,David Cordes,Randy K. Smith,Allen S. Parrish</authors>
		<jconf>ISI</jconf>
		<id>435941</id>
		<label>1</label>
		<organization>Alabama Criminal Justice Inf. Center, Montgomery</organization>
	</publication>
	<publication>
		<title>Implicit interest indicators</title>
		<year>2001</year>
		<authors>Mark Claypool,Phong Le,Makoto Waseda,David Brown</authors>
		<jconf>IUI</jconf>
		<id>459233</id>
		<label>4</label>
		<organization>Computer Science Department, Worcester Polytechnic Institute, 100 Institute Road, Worcester, MA</organization>
	</publication>
	<publication>
		<title>Effects of Correlation and Degree of Balance in Random Synaptic Inputs on the Output of the Hodgkin-Huxley Model</title>
		<year>1999</year>
		<authors>David Brown,Jianfeng Feng</authors>
		<jconf>IWANN (1)</jconf>
		<id>462038</id>
		<label>2</label>
		<organization>null</organization>
	</publication>
	<publication>
		<title>Structure of Lateral Inhibition in an Olfactory Bulb Model</title>
		<year>1999</year>
		<authors>Andrew P. Davison,Jianfeng Feng,David Brown</authors>
		<jconf>IWANN (1)</jconf>
		<id>462167</id>
		<label>2</label>
		<organization>null</organization>
	</publication>
	<publication>
		<title>Paradoxical Relationship between Output and Input Regularity for the FitzHugh-Nagumo Model</title>
		<year>1999</year>
		<authors>Stuart Feerick,Jianfeng Feng,David Brown</authors>
		<jconf>IWANN (1)</jconf>
		<id>462225</id>
		<label>2</label>
		<organization>null</organization>
	</publication>
	<publication>
		<title>Viewing a Class of Neurodynamics on Parameter Space</title>
		<year>1997</year>
		<authors>Jianfeng Feng,David Brown</authors>
		<jconf>IWANN</jconf>
		<id>462235</id>
		<label>2</label>
		<organization>null</organization>
	</publication>
	<publication>
		<title>Time Discretisation Applied to Anomaly Detection in a Marine Engine</title>
		<year>2007</year>
		<authors>Ian Morgan,Honghai Liu,George Turnbull,David J. Brown</authors>
		<jconf>KES (1)</jconf>
		<id>476154</id>
		<label>3</label>
		<organization>null</organization>
	</publication>
	<publication>
		<title>Analysing Flight Data Using Clustering Methods</title>
		<year>2008</year>
		<authors>Christopher Jesse,Honghai Liu,Edward Smart,David Brown</authors>
		<jconf>KES (1)</jconf>
		<id>476957</id>
		<label>3</label>
		<organization>Institute of Industrial Research, University of Portsmouth, Portsmouth, England PO1 3QL</organization>
	</publication>
	<publication>
		<title>Visual-Based View-Invariant Human Motion Analysis: A Review</title>
		<year>2008</year>
		<authors>Xiaofei Ji,Honghai Liu,Yibo Li,David Brown</authors>
		<jconf>KES (1)</jconf>
		<id>476958</id>
		<label>3</label>
		<organization>The Institute of Industrial Research, University of Portsmouth, UK</organization>
	</publication>
	<publication>
		<title>Rigorously Defining and Analyzing Medical Processes: An Experience Report</title>
		<year>2007</year>
		<authors>Stefan Christov,Bin Chen,George S. Avrunin,Lori A. Clarke,Leon J. Osterweil,David Brown,Lucinda Cassells,Wilson Mertens</authors>
		<jconf>MoDELS Workshops</jconf>
		<id>507439</id>
		<label>8</label>
		<organization>null</organization>
	</publication>
	<publication>
		<title>Getting the Best Results in Controlled Rounding with the Least Effort</title>
		<year>2004</year>
		<authors>Juan Jose Salazar Gonzalez,Philip Lowthian,Caroline Young,Giovanni Merola,Stephen Bond,David Brown</authors>
		<jconf>Privacy in Statistical Databases</jconf>
		<id>554660</id>
		<label>7</label>
		<organization>null</organization>
	</publication>
	<publication>
		<title>The new economy: an engineer's perspective</title>
		<year>2006</year>
		<authors>David Brown</authors>
		<jconf>WWW</jconf>
		<id>673840</id>
		<label>9</label>
		<organization>Motorola, UK</organization>
	</publication>
	<publication>
		<title>Travel Speed Prediction Using Fuzzy Reasoning</title>
		<year>2008</year>
		<authors>Yang Wang,Honghai Liu,Patrick Beullens,David Brown</authors>
		<jconf>ICIRA (1)</jconf>
		<id>722368</id>
		<label>3</label>
		<organization>Institute of Industrial Research, University of Portsmouth, Portsmouth, UK PO1 3QL</organization>
	</publication>
	<publication>
		<title>Google TV search: dual-wielding search and discovery in a large-scale product</title>
		<year>2008</year>
		<authors>Manish Patel,Rich Gossweiler,Mehran Sahami,John Blackburn,David Brown,Andrea Knight</authors>
		<jconf>UXTV</jconf>
		<id>722749</id>
		<label>10</label>
		<organization>Google, Mountain View, CA</organization>
	</publication>
	<publication>
		<title>CARE: An Automobile Crash Data Analysis Tool</title>
		<year>2003</year>
		<authors>Allen S. Parrish,Brandon Dixon,David Cordes,Susan V. Vrbsky,David Brown</authors>
		<jconf>IEEE Computer</jconf>
		<id>807669</id>
		<label>1</label>
		<organization>null</organization>
	</publication>
	<publication>
		<title>The Earth System Grid: Supporting the Next Generation of Climate Modeling Research</title>
		<year>2007</year>
		<authors>David E. Bernholdt,Shishir Bharathi,David Brown,Kasidit Chanchio,Meili Chen,Ann L. Chervenak,Luca Cinquini,Bob Drach,Ian T. Foster,Peter Fox,Jose Garcia,Carl Kesselman,Rob S. Markel,Don Middleton,Veronika Nefedova,Line Pouchard,Arie Shoshani,Alex Sim,Gary Strand,Dean Williams</authors>
		<jconf>CoRR</jconf>
		<id>825699</id>
		<label>0</label>
		<organization>null</organization>
	</publication>
	<publication>
		<title>Composed products and module polynomials over finite fields</title>
		<year>1993</year>
		<authors>Joel V. Brawley,David Brown</authors>
		<jconf>Discrete Mathematics</jconf>
		<id>853741</id>
		<label>11</label>
		<organization>null</organization>
	</publication>
	<publication>
		<title>Model-driven systems development</title>
		<year>2006</year>
		<authors>Laurent Balmelli,David Brown,Murray Cantor,Michael Mott</authors>
		<jconf>IBM Systems Journal</jconf>
		<id>892935</id>
		<label>12</label>
		<organization>IBM Research Division, Thomas J. Watson Research Center, 19 Skyline Drive, Hawthorne, New York, 10532, USA</organization>
	</publication>
	<publication>
		<title>Low correlation between random synaptic inputs impacts considerably on the output of the Hodgkin-Huxley model</title>
		<year>2000</year>
		<authors>David Brown,Jianfeng Feng</authors>
		<jconf>Neurocomputing</jconf>
		<id>915494</id>
		<label>2</label>
		<organization>null</organization>
	</publication>
	<publication>
		<title>Is there a problem matching real and model CV(ISI)?</title>
		<year>1999</year>
		<authors>David Brown,Jianfeng Feng</authors>
		<jconf>Neurocomputing</jconf>
		<id>915496</id>
		<label>2</label>
		<organization>null</organization>
	</publication>
	<publication>
		<title>Significance of random neuronal drive</title>
		<year>2001</year>
		<authors>David Brown,Stuart Feerick,Jianfeng Feng</authors>
		<jconf>Neurocomputing</jconf>
		<id>915498</id>
		<label>2</label>
		<organization>null</organization>
	</publication>
	<publication>
		<title>Spike synchronization in a biophysically-detailed model of the olfactory bulb</title>
		<year>2001</year>
		<authors>Andrew P. Davison,Jianfeng Feng,David Brown</authors>
		<jconf>Neurocomputing</jconf>
		<id>915619</id>
		<label>2</label>
		<organization>null</organization>
	</publication>
	<publication>
		<title>Random pulse input versus continuous current plus white noise: Are they equivalent?</title>
		<year>2000</year>
		<authors>Stuart Feerick,Jianfeng Feng,David Brown</authors>
		<jconf>Neurocomputing</jconf>
		<id>915771</id>
		<label>2</label>
		<organization>null</organization>
	</publication>
	<publication>
		<title>Inhibitory inputs increase a neurons's firing rate</title>
		<year>2001</year>
		<authors>Stuart Feerick,Jianfeng Feng,David Brown</authors>
		<jconf>Neurocomputing</jconf>
		<id>915773</id>
		<label>2</label>
		<organization>null</organization>
	</publication>
	<publication>
		<title>Inferring User Interest</title>
		<year>2001</year>
		<authors>Mark Claypool,David Brown,Phong Le,Makoto Waseda</authors>
		<jconf>IEEE Internet Computing</jconf>
		<id>928520</id>
		<label>4</label>
		<organization>null</organization>
	</publication>
	<publication>
		<title>Text formats and web design for visually impaired and dyslexic readers - Clear Text for All</title>
		<year>2005</year>
		<authors>Lindsay J. Evett,David Brown</authors>
		<jconf>Interacting with Computers</jconf>
		<id>948147</id>
		<label>13</label>
		<organization>null</organization>
	</publication>
	<publication>
		<title>The search for a new model structure of beta-Factor XIIa</title>
		<year>2001</year>
		<authors>Elsa S. Henriques,Welly B. Floriano,Nathalie Reuter,Andre Melo,David Brown,Jose A. N. F. Gomes,Bernard Maigret,Marco A. C. Nascimento,Maria Joao Ramos</authors>
		<jconf>Journal of Computer-Aided Molecular Design</jconf>
		<id>961360</id>
		<label>14</label>
		<organization>null</organization>
	</publication>
	<publication>
		<title>Structural analysis of the KGD sequence loop of barbourin, an alpha-IIb-beta-3-specific disintegrin</title>
		<year>2000</year>
		<authors>Herve Minoux,Christophe Chipot,David Brown,Bernard Maigret</authors>
		<jconf>Journal of Computer-Aided Molecular Design</jconf>
		<id>961522</id>
		<label>14</label>
		<organization>null</organization>
	</publication>
	<publication>
		<title>Decoding Input Signals in Time Domain - A Model Approach</title>
		<year>2004</year>
		<authors>Jianfeng Feng,David Brown</authors>
		<jconf>Journal of Computational Neuroscience</jconf>
		<id>969760</id>
		<label>2</label>
		<organization>null</organization>
	</publication>
	<publication>
		<title>Impact of Correlated Inputs on the Output of the Integrate-and-Fire Model</title>
		<year>2000</year>
		<authors>Jianfeng Feng,David Brown</authors>
		<jconf>Neural Computation</jconf>
		<id>1022900</id>
		<label>2</label>
		<organization>null</organization>
	</publication>
	<publication>
		<title>Fixed Point Attractor Analysis for a Class of Neurodynamics</title>
		<year>1998</year>
		<authors>Jianfeng Feng,David Brown</authors>
		<jconf>Neural Computation</jconf>
		<id>1022901</id>
		<label>2</label>
		<organization>null</organization>
	</publication>
	<publication>
		<title>A Novel Approach for Analyzing Dynamics in Neural Networks with Saturated Characteristics</title>
		<year>1996</year>
		<authors>Jianfeng Feng,David Brown</authors>
		<jconf>Neural Processing Letters</jconf>
		<id>1028046</id>
		<label>2</label>
		<organization>null</organization>
	</publication>
	<publication>
		<title>The virtualization reality</title>
		<year>2006</year>
		<authors>Simon Crosby,David Brown</authors>
		<jconf>ACM Queue</jconf>
		<id>1049179</id>
		<label>17</label>
		<organization>null</organization>
	</publication>
	<publication>
		<title>A Case Study of Software Process Improvement During Development</title>
		<year>1993</year>
		<authors>Inderpal S. Bhandari,Michael J. Halliday,Eric Tarver,David Brown,Jarir K. Chaar,Ram Chillarege</authors>
		<jconf>IEEE Trans. Software Eng.</jconf>
		<id>1127517</id>
		<label>15</label>
		<organization>IBM Thomas J. Watson Res. Center, Yorktown Heights, NY</organization>
	</publication>
	<publication>
		<title>Identities for the exponential integral and the complementary error transforms</title>
		<year>2006</year>
		<authors>David Brown,Nese Dernek,Osman Yurekli</authors>
		<jconf>Applied Mathematics and Computation</jconf>
		<id>1145722</id>
		<label>16</label>
		<organization>null</organization>
	</publication>
	<publication>
		<title>Identities and Parseval type relations for the L2-transform</title>
		<year>2008</year>
		<authors>David Brown,John Maceli,Osman Yurekli</authors>
		<jconf>Applied Mathematics and Computation</jconf>
		<id>1147450</id>
		<label>16</label>
		<organization>null</organization>
	</publication>
	<publication>
		<title>Adapting robot kinematics for human-arm motion recognition</title>
		<year>2007</year>
		<authors>Chee Seng Chan,Honghai Liu,David Brown</authors>
		<jconf>KES Journal</jconf>
		<id>1184269</id>
		<label>3</label>
		<organization>Institute of Industrial Research, University of Portsmouth, Portsmouth PO1 3QL, England, UK</organization>
	</publication>
	<publication>
		<title>HCI Professional Involvement in k-12 Education: On Target or Missing the Mark?</title>
		<year>2009</year>
		<authors>Martin Jelin,Adrian Sudol,Jeffrey Damon,Douglas McCadden,David Brown</authors>
		<jconf>HCI (4)</jconf>
		<id>1208977</id>
		<label>18</label>
		<organization>Computer Science Department, Maine School of Science and Mathematics, Limestone, United States 04750</organization>
	</publication>
	<publication>
		<title>Large-Scale Dependency Knowledge Acquisition and its Extrinsic Evaluation Through Word Sense Disambiguation.</title>
		<year>2009</year>
		<authors>Ping Chen,Wei Ding 0003,Chris Bowes,David Brown</authors>
		<jconf>null</jconf>
		<id>1307151</id>
		<label>19</label>
		<organization>null</organization>
	</publication>
	<publication>
		<title>Coefficient of variation of interspike intervals greater than 0.5. How and when?</title>
		<year>1999</year>
		<authors>Jianfeng Feng,David Brown</authors>
		<jconf>Biological Cybernetics</jconf>
		<id>1332731</id>
		<label>2</label>
		<organization>null</organization>
	</publication>
	<publication>
		<title>Impact of temporal variation and the balance between excitation and inhibition on the output of the perfect integrate-and-fire model.</title>
		<year>1998</year>
		<authors>Jianfeng Feng,David Brown</authors>
		<jconf>Biological Cybernetics</jconf>
		<id>1332813</id>
		<label>2</label>
		<organization>null</organization>
	</publication>
	<publication>
		<title>Understanding user behaviour and its metrics</title>
		<year>2007</year>
		<authors>David Brown,Bernard Dumouchel</authors>
		<jconf>Information Services and Use</jconf>
		<id>1374411</id>
		<label>20</label>
		<organization>Head of Scholarly Communications and Innovation Support, The British Library</organization>
	</publication>
	<publication>
		<title>Qualitative classification of descent phases in commercial flight data</title>
		<year>2009</year>
		<authors>Edward Smart,Honghai Liu,Chris Jesse,David Brown</authors>
		<jconf>International Journal of Computational Intelligence Studies</jconf>
		<id>1387270</id>
		<label>3</label>
		<organization>Institute of Industrial Research, University of Portsmouth, PO1 3QL, England, UK</organization>
	</publication>
	<publication>
		<title>Fixed-point attractor analysis for a class of neurodynamics</title>
		<year>1998</year>
		<authors>Jianfeng Feng,David Brown</authors>
		<jconf>Neural Computation</jconf>
		<id>1404022</id>
		<label>2</label>
		<organization>null</organization>
	</publication>
	<publication>
		<title>A model of LHRH &ldquo;self-priming&rdquo; at the pituitary</title>
		<year>1998</year>
		<authors>Sinéad Scullion,David Brown,Gareth Leng</authors>
		<jconf>Proceedings of the second international workshop on Information processing in cell and tissues</jconf>
		<id>1552524</id>
		<label>21</label>
		<organization>null</organization>
	</publication>
	<publication>
		<title>Rigorously Defining and Analyzing Medical Processes: An Experience Report</title>
		<year>2008</year>
		<authors>Stefan Christov,Bin Chen,George S. Avrunin,Lori A. Clarke,Leon J. Osterweil,David Brown,Lucinda Cassells,Wilson Mertens</authors>
		<jconf>Models in Software Engineering: Workshops and Symposia at MoDELS 2007, Nashville, TN, USA, September 30 - October 5, 2007, Reports and Revised Selected Papers</jconf>
		<id>1592101</id>
		<label>8</label>
		<organization>D'Amour Center for Cancer Care, Springfield MA 01199</organization>
	</publication>
	<publication>
		<title>Component Selection to Optimize Distance Function Learning in Complex Scientific Data Sets</title>
		<year>2008</year>
		<authors>Aparna Varde,Stephen Bique,Elke Rundensteiner,David Brown,Jianyu Liang,Richard Sisson,Ehsan Sheybani,Brian Sayre</authors>
		<jconf>Proceedings of the 19th international conference on Database and Expert Systems Applications</jconf>
		<id>1598439</id>
		<label>4</label>
		<organization>Department of Computer Science, Worcester Polytechnic Institute, Worcester and Department of Mechanical Engineering, Worcester Polytechnic Institute, Worcester</organization>
	</publication>
	<publication>
		<title>An orthodontic expert system</title>
		<year>1989</year>
		<authors>Jon Sims Williams,Andrew Mattthewman,David Brown</authors>
		<jconf>Fuzzy Sets and Systems</jconf>
		<id>1637133</id>
		<label>23</label>
		<organization>null</organization>
	</publication>
	<publication>
		<title>Motor Fault Diagnosis Based on Wavelet Energy and Immune Neural Network</title>
		<year>2009</year>
		<authors>Xin Wen,David Brown,Honghai Liu,Qizheng Liao,Shimin Wei</authors>
		<jconf>Proceedings of the 2009 International Conference on Measuring Technology and Mechatronics Automation - Volume 02</jconf>
		<id>1655139</id>
		<label>3</label>
		<organization>null</organization>
	</publication>
	<publication>
		<title>A fully unsupervised word sense disambiguation method using dependency knowledge</title>
		<year>2009</year>
		<authors>Ping Chen,Wei Ding,Chris Bowes,David Brown</authors>
		<jconf>Proceedings of Human Language Technologies: The 2009 Annual Conference of the North American Chapter of the Association for Computational Linguistics</jconf>
		<id>1655186</id>
		<label>19</label>
		<organization>University of Houston-Downtown</organization>
	</publication>
	<publication>
		<title>Overture: an object-oriented framework for high performance scientific computing</title>
		<year>1998</year>
		<authors>Federico Bassetti,David Brown,Kei Davis,William Henshaw,Dan Quinlan</authors>
		<jconf>Proceedings of the 1998 ACM/IEEE conference on Supercomputing (CDROM)</jconf>
		<id>1741558</id>
		<label>22</label>
		<organization>Scientific Computing Group CIC-19, Los Alamos NM</organization>
	</publication>
	<publication>
		<title>Digital State at the Leading Edge</title>
		<year>2007</year>
		<authors>Sanford Borins,Kenneth Kernaghan,David Brown</authors>
		<jconf>Ipac Series In Public Management And Governance</jconf>
		<id>1754014</id>
		<label>24</label>
		<organization>null</organization>
	</publication>
</person>